"Gemeenten";"Bevolking totaal|1988";"Bevolking totaal|1989";"Bevolking totaal|1990";"Bevolking totaal|1991";"Bevolking totaal|1992";"Bevolking totaal|1993";"Bevolking totaal|1994";"Bevolking totaal|1995";"Bevolking totaal|1996";"Bevolking totaal|1997";"Bevolking totaal|1998";"Bevolking totaal|1999";"Bevolking totaal|2000";"Bevolking totaal|2001";"Bevolking totaal|2002";"Bevolking totaal|2003";"Bevolking totaal|2004";"Bevolking totaal|2005";"Bevolking totaal|2006";"Bevolking totaal|2007";"Bevolking totaal|2008";"Bevolking totaal|2009";"Bevolking totaal|2010";"Bevolking totaal|2011";"Bevolking totaal|2012";"Bevolking totaal|2013";"Bevolking totaal|2014";"Bevolking totaal|2015";"Bevolking totaal|2016";"Bevolking totaal|2017";"Bevolking totaal|2018";"Bevolking totaal|2019";"Bevolking totaal|2020";"Bevolking totaal|2021";"Bevolking totaal|2022"
"Aa en Hunze";23327;23467;23570;23647;23764;24050;24327;24496;24561;24520;24806;24751;24824;25208;25552;25305;25218;25329;25507;25563;25598;25675;25563;25785;25738;25541;25357;25203;25243;25286;25390;25386;25445;25343;25579
"Aalsmeer";21623;21836;22052;22080;22003;21884;21788;21875;22070;22168;22482;22396;22344;22544;22786;22839;22915;23296;24145;25019;26386;28006;29187;30189;30364;30618;30759;31077;31299;31373;31499;31728;31859;30457;32452
"Aalten";26195;26335;26337;26421;26680;26757;26777;26984;27229;27285;27449;27318;27330;27338;27383;27437;27567;27446;27476;27570;27568;27447;27500;27439;27305;27082;27013;26904;26912;27047;26962;27011;27121;26906;27100
"Achtkarspelen";27591;27687;27750;27841;27806;27762;27923;27971;27988;28040;28085;28047;28011;28013;28045;28102;28156;28134;28223;28143;28088;28139;28088;28123;28091;28110;28016;27983;28007;27893;27935;27852;27843;27946;27954
"Alblasserdam";17183;17391;17382;17468;17503;17604;17648;17646;17656;17782;17800;18036;18183;18410;18388;18425;18386;18356;18426;18666;18718;18839;19014;19208;19467;19643;19801;19845;19955;20008;20014;20069;20165;18567;20087
"Albrandswaard";13799;13785;13913;14121;14181;14350;14920;15141;15325;15249;15395;15805;16420;17721;18092;18737;19607;20606;21059;21523;22453;22974;24191;24674;25003;25101;25069;25148;24985;25105;25218;25271;25590;24424;25934
"Alkmaar";98739;99331;100258;101401;102427;103299;103946;104089;104194;104140;104107;104053;104050;104326;104269;104584;105507;105681;105929;105904;105722;105205;105710;105778;106161;106435;106857;107106;107615;108373;108470;108558;109436;106792;110783
"Almelo";65435;65337;65542;66045;66759;67368;67965;68434;68646;68660;69077;69552;69746;70416;71026;71729;72227;72293;72048;72096;72287;72428;72602;72599;72757;72729;72459;72291;72425;72479;72629;72849;73107;72095;73155
"Almere";57195;63785;71086;78100;84909;91689;98444;104541;112704;118913;126720;136157;142765;150398;158902;165106;170704;175007;178466;180924;183270;185746;188160;190655;193163;195213;196013;196932;198145;200914;203990;207904;211893;196388;217828
"Alphen aan den Rijn";92264;93767;95384;96814;98027;99505;100479;101435;101918;102145;102947;103781;104352;104468;105022;104947;104688;104773;105129;105094;105579;106007;106171;106190;106558;106685;106785;107396;107960;108915;109682;110986;111897;100799;112926
"Alphen-Chaam";9085;9071;9092;9135;9159;9198;9275;9394;9423;9343;9385;9385;9460;9486;9447;9413;9414;9513;9491;9461;9455;9421;9436;9466;9525;9640;9717;9753;9924;10058;10083;10149;10203;9757;10425
"Altena";48266;48676;48943;49222;49471;49821;50055;50381;50459;50825;51109;51549;51782;52312;52631;52879;52884;53086;53133;53140;53222;53343;53415;53461;53588;53622;53658;53762;54083;54450;54766;55386;55967;53528;57009
"Ameland";3171;3148;3173;3227;3243;3289;3331;3374;3413;3422;3446;3477;3488;3545;3564;3576;3525;3520;3475;3460;3456;3466;3501;3503;3526;3525;3578;3590;3611;3633;3654;3673;3716;3578;3757
"Amersfoort";93867;96424;99756;102328;104746;107282;110478;112752;115251;118298;120512;123367;126143;128035;129720;131221;132851;134906;136999;139054;141211;143212;144862;146592;148250;149662;150897;152481;153602;154337;155226;156286;157276;151543;158590
"Amstelveen";69526;69619;70097;70456;72054;73038;74173;74474;75985;76938;77843;77854;77740;77488;77256;78095;78866;79036;78774;78945;78980;79768;80695;81796;83363;84379;85015;87162;88602;89294;89870;90838;91675;86570;92331
"Amsterdam";709688;712713;713044;720394;731312;737697;741784;740167;736085;733155;736123;745258;749408;752695;753493;754456;756956;760463;760612;760440;764668;773182;785093;797795;808132;817429;829109;840100;852196;863698;873194;882299;892495;850523;903399
"Apeldoorn";146337;147270;147586;148204;148745;149504;149449;149869;150915;151703;152354;152860;153261;153683;154859;155741;156000;156064;156051;155564;155108;155332;155726;156199;156961;157315;157545;158099;159025;160047;161156;162445;163818;157309;165611
"Arnhem";128237;129077;130351;131835;133061;133406;133805;134567;135026;134960;136174;137222;138154;139329;140736;141528;141601;141321;142195;142569;143582;145574;147018;148070;149271;149827;150823;152293;153818;155699;157223;159265;161348;151250;163888
"Assen";49192;49875;50126;50832;51362;52198;52755;53332;53961;55175;56331;57376;58445;59006;60230;61577;61925;62755;63383;64391;65487;66369;66857;67177;67208;67204;67190;67165;67061;67551;67708;67963;68599;66968;68979
"Asten";14694;14896;15024;15236;15419;15539;15699;15891;15958;15932;15894;15872;15779;15789;15936;16091;16138;16261;16299;16374;16392;16363;16335;16296;16404;16392;16440;16559;16580;16714;16719;16710;16721;16483;17068
"Baarle-Nassau";5877;5876;5901;5888;5915;5911;5909;6010;6063;6028;6079;6092;6192;6312;6468;6507;6545;6581;6648;6674;6664;6682;6703;6704;6722;6699;6612;6599;6611;6657;6799;6847;6859;6085;6931
"Baarn";24824;24886;24762;24836;24902;24895;24615;24685;24690;24528;24387;24370;24508;24526;24469;24423;24503;24416;24513;24375;24406;24335;24317;24379;24352;24277;24314;24406;24521;24529;24630;24767;24868;24248;24876
"Barendrecht";19788;19949;19937;20202;20498;20768;21317;22074;23077;23894;24796;26355;28848;30976;33894;35880;37257;39294;41249;43044;44962;45861;46449;46831;47053;47371;47377;47521;47861;48344;48477;48673;48714;45080;48714
"Barneveld";40912;41675;42361;42892;43380;44062;44506;45270;45874;46334;46868;47271;47744;48298;48958;49423;50019;50026;50448;50953;51486;52066;52490;53026;53521;53751;54152;54703;55441;56376;57339;57971;59082;54659;60584
"Beek";16370;16473;16482;16584;16751;16789;17023;17178;17229;17295;17283;17145;17150;17174;17120;17065;17105;17020;16926;16717;16696;16607;16579;16548;16457;16367;16271;16214;16068;15951;15895;15929;15865;16128;15817
"Beekdaelen";38174;38355;38519;38895;39154;39002;39324;39336;39244;39219;39309;38907;38775;38811;38751;38389;38101;37945;37725;37683;37509;37345;37270;37019;36812;36349;36365;36353;36254;36124;35969;35727;35938;36097;35922
"Beesel";12444;12548;12619;12754;12838;12968;13038;13110;13134;13259;13175;13163;13158;13189;13403;13466;13341;13401;13521;13646;13643;13795;13902;13844;13742;13688;13617;13511;13388;13405;13444;13519;13482;13497;13408
"Berg en Dal";32930;33062;33104;33378;33377;33367;33521;33716;33943;34208;34354;34505;34308;34503;34242;34100;34115;34123;34075;34142;34177;34204;34170;34149;34174;34437;34304;34258;34574;34764;34748;34798;34992;34020;34951
"Bergeijk";16786;16916;17006;17195;17285;17354;17483;17679;17736;17769;17733;17771;17906;17966;17974;18093;18137;18100;18060;18094;18099;18087;18061;18073;18123;18191;18256;18209;18253;18342;18398;18491;18635;18204;18879
"Bergen (L.)";12874;12894;12945;12937;12943;13047;13089;13231;13243;13357;13382;13364;13362;13444;13539;13463;13477;13576;13612;13561;13499;13402;13391;13350;13286;13275;13237;13152;13090;13095;13106;13140;13085;13187;13106
"Bergen (NH.)";31876;31967;32076;32065;32219;32143;32439;32387;32358;32248;32129;31824;31736;31687;31926;31742;31738;31694;31505;31332;31220;31154;30985;30868;30682;30333;30076;30005;29943;29844;29941;29974;29839;30024;29723
"Bergen op Zoom";59753;59999;60114;60232;60705;61137;61116;61683;62435;63233;63983;64663;65104;65363;65793;66024;66140;66298;65767;65440;65242;65582;65845;66074;66130;66287;66419;66320;66237;66164;66354;66811;67496;65969;67894
"Berkelland";43440;43540;43590;43573;43517;43571;43702;44092;44349;44520;44567;44546;44655;45067;45303;45511;45354;45227;45294;45213;45150;45142;44978;44863;44911;44769;44666;44364;44437;44238;44032;43904;43747;44326;43850
"Bernheze";25895;26339;26824;27033;27179;27321;27627;27792;27918;28096;28291;28345;28579;28664;28780;28848;28868;29216;29544;29644;29663;29615;29655;29728;29802;29775;29690;29729;29880;30252;30550;30806;31240;29603;31715
"Best";21342;21861;22129;22365;22426;22458;22710;23039;23895;24556;24890;25448;25944;26825;27450;28244;28658;28925;29026;29006;29089;29017;28953;28810;28696;28637;28617;28737;28976;29180;29497;29821;29988;28647;30608
"Beuningen";20883;21617;22237;22547;22769;23047;23403;23850;24291;24322;24502;24970;25422;25439;25429;25361;25459;25291;25078;25231;25321;25304;25481;25507;25433;25324;25288;25282;25289;25424;25798;25882;25890;25188;26235
"Beverwijk";34983;35165;35191;35206;35226;35564;35577;35525;35680;35694;35646;35781;35847;35983;35825;36454;37039;36905;36546;36835;37347;38284;38883;39329;39844;40070;40093;40182;40318;40709;41077;41176;41626;39970;42084
"Bladel";17968;18158;18257;18361;18422;18540;18682;18842;18877;18851;18963;18958;18997;18992;19046;19092;19153;19135;19130;19058;19114;19129;19177;19386;19582;19635;19834;19869;19966;20063;20144;20175;20390;19860;20718
"Blaricum";10948;10775;10609;10511;10336;10282;10210;10092;10064;9943;9809;9642;9525;9376;9343;9309;9257;9179;9114;9112;9036;8987;8955;8959;9038;9107;9094;9312;9622;10201;10795;11202;11540;9262;12359
"Bloemendaal";22993;23029;22876;22668;22330;22270;21983;21873;21848;21929;21736;21865;21824;22057;22426;22352;22147;22150;22105;22184;21967;22069;22023;22039;22056;22195;22059;22256;22296;22826;23208;23410;23571;22097;23732
"Bodegraven-Reeuwijk";30584;30653;31003;31155;31551;31802;31763;31865;31968;32041;32131;32400;32470;32488;32503;32466;32338;32244;32117;32028;32226;32430;32507;32728;32834;32817;32910;33208;33451;33733;33948;34462;34872;32119;35752
"Boekel";8539;8585;8623;8717;8787;8893;8911;8991;9022;9048;9057;9109;9184;9230;9295;9372;9396;9412;9407;9503;9646;9692;9772;9865;9967;10062;10089;10119;10254;10414;10502;10588;10785;10117;11030
"Borger-Odoorn";24791;24955;25043;25185;25215;25384;25542;25590;25569;25704;25857;26084;26201;26298;26333;26440;26360;26327;26303;26297;26201;26151;26072;25941;25859;25662;25627;25502;25371;25355;25351;25372;25559;25563;25681
"Borne";19431;19630;19788;20027;19985;19910;19851;20024;20129;20399;20425;20624;20670;20717;20729;20651;20600;20503;20547;20521;20764;21106;21330;21557;21586;21770;21884;21992;22343;22795;23124;23210;23312;21984;24007
"Borsele";19951;20144;20242;20397;20537;20717;20959;21311;21562;21693;21757;21816;21867;22009;22251;22351;22318;22397;22415;22387;22531;22551;22618;22707;22676;22683;22579;22568;22612;22688;22716;22800;22739;22461;22847
"Boxtel";29850;30113;30356;30684;30850;30938;31026;31127;31121;31171;31410;31301;31349;31379;31493;31621;31619;31608;31752;32068;32308;32339;32321;32326;32328;32473;32359;32367;32443;32743;32789;32878;32958;32478;33129
"Breda";145873;147006;148664;150424;152398;153921;155062;155932;156213;156364;157057;159042;160615;162308;163427;164397;166035;168054;169709;170349;170960;171916;173299;174599;176401;178140;179623;180937;181611;182304;183448;183873;184069;179996;184702
"Brielle";14977;14973;15040;14916;14903;15170;15514;15614;15819;15745;15842;15795;15869;15965;16001;15999;15948;16031;15990;15918;15762;15597;15759;15978;16072;16320;16312;16467;16640;16833;17040;17182;17271;15678;17704
"Bronckhorst";36430;36521;36548;36497;36480;36517;36501;36704;36946;37046;37239;37184;37264;37387;37517;37499;37482;37616;37700;37788;37833;37897;37751;37677;37441;37216;36932;36726;36510;36410;36352;36212;36055;36620;36077
"Brummen";20660;20802;20782;20766;20839;20788;20778;20960;21061;21386;21503;21420;21548;21593;21613;21604;21473;21403;21385;21229;21200;21159;21139;21219;21327;21245;21177;20983;20938;20843;20771;20698;20726;20977;20890
"Brunssum";29694;29774;29804;29901;29853;29833;30139;30464;30741;30860;30258;30277;30464;30395;30158;29942;29595;29777;29623;29590;29742;29532;29448;29375;29199;29081;28958;28656;28448;28358;28241;28103;27821;28594;27674
"Bunnik";13765;13811;13945;13997;14210;14285;14200;14119;14148;14107;14006;13938;13916;13774;13845;14111;14087;14137;14234;14160;14258;14407;14459;14437;14451;14563;14626;14662;14773;15156;15214;15192;15191;14565;15590
"Bunschoten";18241;18390;18493;18674;18779;18928;18989;19134;19224;19188;19179;19077;19115;19260;19327;19396;19450;19487;19468;19475;19611;19753;20000;20111;20200;20316;20492;20647;20823;21020;21266;21576;21866;20631;22325
"Buren";21897;22224;22450;22655;22800;23066;23496;23860;24035;24320;24653;24846;24990;25239;25609;25689;25756;25648;25584;25647;25727;25667;25887;26013;25949;25939;26019;26117;26202;26348;26365;26568;26749;25982;27155
"Capelle aan den IJssel";56973;57423;57574;58307;58541;59057;59364;60500;61421;62366;63228;63877;64251;65018;65226;65318;65354;65480;65602;65374;65022;65273;65345;66104;66122;66024;66178;66478;66486;66421;66854;66818;67122;62701;67188
"Castricum";32412;32403;32413;32386;32666;32976;33350;33503;33682;33825;34153;34281;34329;34704;35177;35327;35291;35091;35020;34863;34705;34739;34652;34593;34474;34402;34288;34361;34604;35216;35608;35772;35986;34359;36263
"Coevorden";32675;32663;32601;32849;32883;32985;33295;33922;34144;34237;34497;34522;34821;35502;35756;36008;36220;36086;36135;36040;35993;35887;36121;36067;35881;35765;35769;35535;35381;35286;35299;35483;35297;35395;35517
"Cranendonck";19053;19164;19299;19441;19533;19835;20046;20046;20090;20144;20174;20269;20278;20295;20320;20336;20149;20039;20133;20281;20263;20272;20343;20371;20432;20330;20344;20542;20660;20676;20336;20440;21138;20441;20669
"Culemborg";20744;21116;21532;22052;22629;22897;23181;23728;24034;24196;24375;24452;24768;25252;26203;26362;26594;27143;27157;27178;27298;27414;27501;27584;27632;27681;27590;27560;27644;27864;28195;28555;28955;27558;29397
"Dalfsen";24706;24817;24811;24909;24955;25107;25244;25322;25505;25435;25379;25462;25590;25842;26061;26281;26428;26459;26439;26541;26735;27044;27259;27313;27432;27570;27674;27677;27916;28070;28242;28499;28587;27650;29162
"Dantumadiel";19187;19248;19269;19346;19476;19485;19626;19641;19722;19817;19930;19854;19833;19843;19765;19685;19762;19679;19555;19461;19399;19367;19283;19310;19264;19130;19030;19059;19015;18942;18904;18923;18922;19056;18957
"De Bilt";40995;40961;41424;41874;42229;42293;42266;42115;41954;41836;42124;42348;42221;42056;42309;42308;42208;42195;42037;42016;41998;41984;42017;42049;42079;42032;42036;42169;42375;42754;42846;42824;43137;42139;43508
"De Fryske Marren";44294;44603;44815;45261;45587;46059;46615;47077;47444;47959;48364;48826;49332;49920;50428;50742;50645;50686;50767;50729;50733;51007;51205;51209;51264;51172;51414;51213;51265;51585;51742;51430;51564;51028;51597
"De Ronde Venen";37870;38379;39024;39766;40276;40860;41156;41469;41592;41907;42367;42607;42684;42713;42940;43094;43061;43041;43023;43216;43257;43208;43164;43004;42977;42846;42642;42588;42576;42763;43620;44059;44456;41341;44955
"De Wolden";21440;21497;21628;21850;21983;22186;22379;22602;22777;23039;23324;23358;23571;23784;23875;23969;23850;23844;23787;23602;23554;23544;23576;23637;23753;23761;23583;23661;23722;23744;23917;24110;24330;23527;24511
"Delft";87946;88010;88612;89236;89939;90884;91815;92340;93116;93918;94602;95169;95998;96089;96843;96497;95817;95031;95090;95379;96168;96517;96760;97690;98675;99097;100046;101030;101034;101381;102253;103163;103595;95031;104572
"Den Haag";447671;447280;445133;448089;449264;448426;447569;443853;443424;443080;443725;443973;446627;453618;457726;463826;469059;472096;475627;473941;475681;481864;488553;495083;502055;505856;508940;514861;519988;524882;532561;537833;545838;511814;553417
"Den Helder";62372;62094;61647;61468;61225;61149;61024;60844;60573;60387;60286;59590;59441;59822;60083;60026;59795;59446;58957;58227;57795;57526;57403;57207;57065;56947;56597;56483;56275;56020;55760;55604;56296;56334;56334
"Deurne";29327;29385;29596;29760;30019;30217;30693;31304;31657;31912;32034;31924;32028;32045;32124;32130;32083;32003;31853;31841;31643;31466;31526;31676;31762;31733;31659;31765;31878;31933;32137;32362;32471;31589;32606
"Deventer";81659;81969;82446;83042;83637;84339;84900;84856;84861;84898;86494;87839;89149;90232;91310;92806;94470;95620;96540;96617;97342;97892;98523;98737;98672;98581;98322;98540;98869;99295;99653;99957;100719;97913;101446
"Diemen";18095;18082;18271;19690;20364;20717;22052;23078;23464;23771;23839;23829;23807;23835;23971;24046;24049;23932;23834;23888;24046;24361;24685;25012;24935;25218;25930;26666;26840;27272;28121;29196;30780;26547;31822
"Dijk en Waard";55792;56348;56759;57119;57740;58828;59784;61047;62664;63677;64928;66534;67951;69774;71195;71907;72517;74204;75375;75734;76437;77769;78133;78982;79474;79792;80242;80841;81374;82558;83686;84734;85750;80348;87695
"Dinkelland";24616;24697;24807;25007;25041;25129;25322;25401;25670;25720;25742;25795;25854;25996;26064;25997;26094;26103;26092;26061;26116;26066;26058;26067;26073;26056;25947;25928;26120;26244;26291;26350;26461;25932;26594
"Doesburg";10518;10578;10591;10589;10665;10746;10793;10771;10857;10908;11092;11370;11434;11518;11476;11412;11446;11381;11539;11593;11567;11503;11600;11636;11598;11539;11437;11355;11336;11341;11328;11148;11077;11313;11036
"Doetinchem";47531;47912;48319;48722;49355;50065;50446;50860;50986;51479;52199;53151;53848;54647;55619;56068;56459;56754;56755;56238;56253;56136;56108;56037;56252;56414;56344;56484;56827;57068;57382;57555;58001;56255;58546
"Dongen";23140;23281;23400;23365;23380;23583;23667;23726;23852;24118;24295;24613;24812;24856;25143;25148;25306;25533;25558;25475;25442;25411;25061;25101;25205;25382;25358;25395;25413;25509;25777;26051;26222;25368;26483
"Dordrecht";107871;108519;109285;110473;111791;112687;113394;114089;116196;117258;118118;119462;119821;120021;120222;120043;119649;119263;118821;118541;118182;118408;118480;118810;118862;118466;118691;118899;118801;118731;118426;118654;119284;111664;119537
"Drechterland";15979;15983;15992;15992;16177;16213;16220;16357;16559;16694;16957;17325;17513;17877;17941;18073;18190;18301;18539;18596;18818;19091;19291;19335;19300;19298;19250;19294;19400;19384;19440;19597;19719;19286;19983
"Drimmelen";25632;25788;25913;26114;26248;26267;26332;26380;26392;26467;26484;26582;26643;26624;26772;26747;26663;26658;26649;26575;26623;26624;26591;26477;26664;26737;26695;26703;26815;26869;27063;27150;27272;26740;27476
"Dronten";23517;24281;24733;25577;26724;27893;28754;29744;30917;31840;33448;34588;35244;35591;36369;37132;37768;38010;38125;38182;38528;39206;39787;40164;40470;40679;40413;40363;40592;40746;40735;40815;41555;40433;42865
"Druten";14486;14630;14815;15083;15286;15380;15521;15884;15847;15917;16222;16426;16751;17054;17461;17570;17786;17889;18022;18114;18082;18102;18084;18097;18193;18203;18210;18294;18407;18563;18701;18797;18926;18288;19178
"Duiven";13181;13971;14801;15882;17436;19583;22395;23505;23954;24290;24504;24609;25182;25751;26051;26163;25812;25714;25577;25605;25560;25510;25593;25550;25525;25554;25609;25548;25433;25398;25438;25332;25126;25537;24946
"Echt-Susteren";30543;30680;30837;31174;31365;31592;31816;31923;31965;31933;32087;32033;32099;32286;32202;32122;32209;32337;32295;32345;32172;32049;32282;32264;32165;32072;31976;31947;31943;31815;31751;31638;31610;31853;31731
"Edam-Volendam";30052;30229;30504;30572;30762;31082;31567;31920;32187;32554;33036;33377;33798;34029;34163;34387;34517;34601;34733;34812;34754;34780;34813;34933;35044;35071;35261;35393;35465;35800;35953;36099;36197;35299;36471
"Ede";91036;92081;93162;94536;95823;97033;98021;98957;99725;100723;101319;101542;101700;102405;103708;104771;105495;106416;107048;107500;107686;107623;107756;108285;108763;109823;110656;111575;112427;113421;114682;115710;117165;111589;119986
"Eemnes";7282;7394;7513;7636;7718;7856;8027;8117;8188;8232;8297;8381;8619;8660;8609;8630;8670;8785;8859;8891;8964;8880;8837;8845;8824;8795;8779;8807;8877;8999;9112;9113;9247;8827;9450
"Eemsdelta";56355;56069;55687;55401;55067;54709;54385;54239;54257;53938;53323;52899;52346;52443;52510;52591;52285;51915;51206;50622;50147;49401;49119;49135;48724;48370;47958;47560;47111;46850;46396;46051;45857;47507;45389
"Eersel";17162;17335;17386;17551;17717;17789;17875;18056;18175;18236;18282;18224;18301;18315;18386;18389;18286;18295;18183;18041;18072;18104;18157;18166;18166;18196;18183;18347;18551;18554;18778;19110;19313;18331;19823
"Eijsden-Margraten";24267;24424;24521;24820;25003;25115;25371;25520;25674;25636;25657;25818;25922;25815;25707;25530;25417;25248;25247;25174;25026;24763;24843;24940;24994;25049;24979;24967;25123;25297;25566;25658;25768;24888;25857
"Eindhoven";191119;190856;191588;193016;194088;195390;196120;196953;197364;197756;198329;199877;201728;203397;204776;206118;207870;208455;209172;209699;210333;212269;213809;216036;217225;218433;220920;223209;224755;226868;229126;231642;234394;222512;238326
"Elburg";20439;20537;20657;20733;20859;20887;21089;21074;21115;21433;21621;21504;21624;21689;21704;21662;21753;22032;22086;22216;22231;22112;22176;22310;22416;22510;22645;22843;22929;23026;23107;23086;23161;22807;23740
"Emmen";102156;102316;102702;102789;102913;103028;103341;103775;104191;104715;105228;105497;105972;107422;108367;108198;108354;108617;108589;108832;109151;109441;109491;109259;108838;108392;108052;107775;107584;107490;107192;107113;107048;107680;107856
"Enkhuizen";15874;15939;16073;16039;16056;16081;16037;16124;16186;16263;16572;16713;16946;17033;17076;17117;17241;17308;17715;17826;17804;18104;18153;18173;18268;18315;18376;18345;18455;18479;18476;18507;18591;18270;18620
"Enschede";144695;145223;146010;146509;147199;147349;147624;148034;147832;147912;148360;148814;149505;150449;151346;152321;152989;153679;154377;154476;154753;156071;157052;157838;158048;158627;158586;158553;158351;158140;158261;158986;159640;158303;160640
"Epe";33987;33872;34004;33995;33827;33675;33558;33472;33403;33329;33244;33235;33081;33156;33224;33233;33309;33108;32978;32989;32970;32954;32881;32875;32519;32385;32351;32214;32282;32537;32863;33145;33178;32250;33257
"Ermelo";25441;25644;25827;26063;26433;26603;26705;26762;26719;27008;27008;26762;26760;26784;26760;26755;26590;26414;26251;26305;26270;26306;26264;26133;26127;26120;26045;26190;26507;26590;26793;26858;27008;26184;27258
"Etten-Leur";31812;31833;32125;32470;32744;33009;33675;34219;34645;35089;35700;36106;37023;37784;38613;39352;39657;39860;40322;40591;40435;40997;41524;41800;42048;42274;42357;42503;42832;43027;43532;43774;43878;42452;44152
"Geertruidenberg";19965;20202;20311;20309;20426;20480;20619;20806;20876;20902;21035;21069;21139;20989;20988;20939;20940;20856;20855;20724;20742;20794;21087;21307;21471;21513;21571;21574;21630;21504;21517;21515;21544;21538;21944
"Geldrop-Mierlo";35340;35497;35379;35661;36146;36386;36668;36918;37047;37188;37352;37491;37746;38220;38447;38112;37680;37846;37738;37823;37982;37996;38117;38389;38671;38768;38854;38879;38893;39078;39252;39595;39726;38703;40131
"Gemert-Bakel";24860;25202;25488;25815;26052;26275;26405;26640;26831;27026;27255;27363;27499;27683;27729;27816;27841;27882;27913;27890;28103;28508;28763;28906;29041;29101;29315;29513;29647;30024;30340;30447;30723;29481;31040
"Gennep";16243;16273;16314;16415;16475;16558;16727;16781;16810;16868;16868;16769;16811;16822;16847;16867;16754;16823;16742;16863;16890;17101;17153;17383;17367;17319;17286;17280;17085;17129;17052;17071;16921;17166;17237
"Gilze en Rijen";21960;22504;22772;22837;22981;23194;23392;23550;23739;23803;23850;24026;24241;24544;24737;24894;25093;25196;25266;25376;25644;25789;25975;25764;25589;25858;26069;26065;26152;26220;26313;26431;26431;26055;26557
"Goeree-Overflakkee";42602;42958;43147;43365;43555;43937;44510;45024;45276;45410;45525;45809;46221;46646;47020;47256;47389;47505;47861;47913;47780;47938;48174;48273;48312;48259;48245;48206;48321;48653;49129;49611;50049;46787;51051
"Goes";31731;31815;32034;32244;32590;33023;33281;33564;33998;34328;34959;35381;35768;35953;36047;36251;36591;36783;36690;36600;36706;36754;36605;36665;36921;36971;36954;37153;37207;37274;37636;37653;38082;37017;38950
"Goirle";21071;21247;21355;21476;21536;21542;21553;21681;22033;22134;22171;22347;22344;22450;22578;22572;22640;22454;22208;22147;22382;22529;22825;22871;22870;22998;23163;23080;23177;23383;23621;23793;23904;22974;23979
"Gooise Meren";55120;54861;54645;54572;54742;54655;54850;54609;54334;54687;54710;54735;54752;54692;54700;54861;54987;55005;54986;55133;55452;55538;55764;56094;56214;56287;56123;56328;56696;56935;57337;57715;58055;56088;58846
"Gorinchem";27942;28222;28700;28911;29505;30106;31090;31689;32066;32573;32654;33248;33602;33994;34324;34509;34623;34352;34250;34288;34472;34554;34663;34895;35083;35128;35242;35338;35260;35755;36284;36682;37022;33837;37632
"Gouda";62374;63286;64665;65974;67464;68665;69966;70490;70935;71486;71544;71576;71918;71782;71688;71641;71797;71781;71386;70953;70857;70828;71122;71047;71235;70904;70941;71105;71189;71752;72700;73181;73427;68184;74095
"Groningen";194094;193798;193896;194783;195613;196373;197016;197353;196329;195592;195672;197969;199926;201386;202657;204524;206380;207914;207978;208662;209485;211326;214259;216977;220078;222582;225596;227732;228407;229494;229962;231299;232874;224474;234950
"Gulpen-Wittem";14735;14962;15069;15103;15153;15321;15456;15617;15610;15753;15669;15537;15460;15525;15435;15340;15135;15044;14954;14841;14712;14585;14594;14496;14479;14444;14484;14497;14508;14337;14196;14246;14171;14474;14178
"Haaksbergen";22462;22690;22854;22899;22941;23083;23128;23558;23677;23706;23706;23730;23885;24129;24193;24109;24123;24267;24344;24348;24378;24495;24486;24448;24419;24322;24344;24307;24332;24272;24291;24277;24311;24279;24268
"Haarlem";148740;149198;149269;149474;149788;149315;150213;148908;147617;147437;147839;148262;148484;148377;147831;147097;147343;146739;147015;146960;147640;148191;149579;150670;151818;153093;155147;156645;158140;159229;159709;161265;162902;155631;162898
"Haarlemmermeer";96380;98569;101038;103328;105967;108175;109155;109770;111552;113454;114145;114580;116525;119131;124100;128435;133306;137368;140625;143699;146077;147472;148186;148806;149417;149679;149596;149726;150096;151668;153149;154235;156002;148764;159336
"Halderberge";28416;28588;28737;29000;29007;29127;29303;29389;29352;29348;29367;29593;29645;29502;29625;29746;29679;29537;29482;29331;29488;29271;29291;29292;29325;29231;29340;29484;29531;29579;29888;30194;30284;29433;30770
"Hardenberg";52344;52436;52628;52918;53177;53688;54312;54808;55467;56027;56275;56745;56797;57254;57483;57731;57820;57855;57909;58105;58207;58650;59014;59283;59430;59585;59577;59577;59687;60211;60539;60574;60948;59416;61798
"Harderwijk";34255;34600;35389;35804;36282;36636;36776;36909;37484;37975;38441;39204;39745;40186;40399;40603;40559;40879;41388;42079;42333;43092;44010;44932;45429;45650;45732;45776;45966;46352;46832;47581;48414;45246;48857
"Hardinxveld-Giessendam";16591;16722;16930;17037;17297;17423;17508;17555;17601;17562;17594;17687;17760;17811;17741;17841;17828;17799;17775;17693;17604;17538;17497;17535;17654;17722;17758;17802;17774;17872;17958;18051;18295;17734;18511
"Harlingen";15825;15727;15574;15474;15419;15282;15250;15180;15193;15274;15356;15438;15426;15444;15533;15561;15839;15959;15642;15465;15567;15689;15809;15878;15844;15854;15821;15779;15813;15860;15783;15758;15722;15737;15904
"Hattem";11587;11571;11573;11572;11535;11540;11521;11587;11674;11689;11725;11623;11637;11672;11693;11688;11782;11756;11702;11630;11657;11708;11792;11762;11805;11769;11732;11821;11890;12040;12154;12173;12209;11789;12307
"Heemskerk";32772;32878;33329;33705;33903;34087;34513;34958;35108;34964;34925;35690;35876;36029;36236;36376;36250;36394;37423;38006;38381;38485;38848;39206;39268;39117;39088;39138;39299;39171;39146;39164;39182;38610;39189
"Heemstede";26254;26308;26334;26660;26598;26412;26303;26195;26208;26277;26024;25875;25879;26003;25898;25760;25660;25644;25650;25575;25626;25680;26058;26297;26242;26317;26364;26480;26766;26936;27080;27286;27234;26385;27557
"Heerde";18239;18171;18115;18212;18245;18223;18305;18281;18291;18169;18146;18115;18130;18083;17997;18270;18349;18334;18330;18013;18212;18313;18313;18300;18244;18399;18490;18512;18556;18561;18603;18546;18589;18570;18976
"Heerenveen";42963;43170;43402;43729;44129;44240;44462;44807;44924;45104;45492;45960;46118;47030;47610;48085;48570;48763;48713;48761;49000;49318;49420;49441;49527;49369;49899;50141;50290;50203;50192;50257;50493;50022;51119
"Heerlen";94344;94172;94046;94344;95001;95347;95794;96274;96015;96143;95685;95367;95147;95149;95004;93969;93523;92542;91499;90537;89671;89356;89236;89212;89016;88747;88259;87500;87406;87189;86762;86832;87086;86939;86845
"Heeze-Leende";14467;14664;14755;14851;14845;14939;15063;15169;15238;15335;15304;15306;15324;15285;15333;15353;15258;15207;15150;15153;15133;15194;15260;15295;15352;15405;15353;15477;15650;15714;15886;15964;16152;15514;16470
"Heiloo";20349;20388;20308;20445;20526;20713;20744;20902;21052;21159;21375;21580;21751;21897;21976;22048;22058;22106;22123;21979;22024;22216;22451;22580;22650;22594;22636;22553;22689;22857;23099;23464;23968;22517;24417
"Hellendoorn";34097;34287;34526;34628;34833;34998;35272;35523;35628;35621;35544;35578;35674;35789;36011;36146;36105;36172;36152;36046;36059;35846;35791;35747;35796;35743;35711;35622;35651;35772;35796;35808;35916;35599;35940
"Hellevoetsluis";34335;35385;35866;36552;37009;37400;37799;37876;37818;38099;38557;38962;39585;40099;40273;40951;41420;41374;41250;40870;40844;40845;40968;40949;40651;40298;40167;40099;39853;39943;39992;40049;40142;38756;40574
"Helmond";65817;67306;68675;70487;71095;72054;72822;73766;75077;75984;77616;79340;80098;80932;82853;84233;85127;85829;85682;86061;86767;87757;88291;88560;88801;89023;89256;89718;90127;90602;90903;91524;92423;89299;93476
"Hendrik-Ido-Ambacht";18920;19073;19316;19545;19591;19694;19797;19966;20239;20565;20786;20816;20986;21179;21495;22096;22966;23690;24458;24825;24854;25881;26897;27616;28257;28641;28911;29156;29408;29731;30677;30966;31202;29114;31663
"Hengelo";76727;76182;76001;76380;76735;77278;77523;77418;77414;77474;78280;78882;79724;80433;80910;80962;80961;81156;81299;81429;81088;80925;80772;80747;80939;80952;80957;81059;81075;80802;80593;80683;81140;80978;81476
"Het Hogeland";49279;49123;49064;49121;49168;49146;49369;49692;49844;49906;50196;50063;50405;50813;51514;51759;51499;51375;50823;50388;50042;49930;49784;49721;49480;49209;48819;48489;48346;48188;48019;47888;47801;50166;48022
"Heumen";13452;13578;13576;13584;13643;13664;13882;14039;14157;14803;15361;15899;16237;16503;16595;16557;16686;16795;16827;16673;16628;16623;16632;16494;16413;16455;16334;16383;16360;16475;16462;16486;16454;16320;17175
"Heusden";38770;39293;39650;40131;40297;40602;40995;41407;41652;41825;41940;42402;42779;42935;43138;43161;43108;43051;43103;42883;42942;43060;42995;43119;43112;43244;43165;43132;43274;43516;43723;44135;44692;43059;45557
"Hillegom";20038;20001;19885;19884;19784;19834;20028;20059;20189;20328;20480;20674;20664;20855;20845;20670;20588;20451;20317;20295;20348;20487;20484;20627;20831;20868;20944;21101;21089;21316;21812;21966;22209;20966;22312
"Hilvarenbeek";13510;13634;13731;13801;13865;13955;14056;14130;14221;14361;14419;14463;14596;14771;14818;14819;14982;15038;15069;15107;15107;15041;14978;15035;15047;15086;15092;15042;15164;15283;15366;15334;15518;15026;15810
"Hilversum";85150;84983;84608;84606;84674;84545;84213;83849;83272;82607;82297;82308;82177;82773;83096;83306;83454;83682;83652;83669;83815;84422;84573;84984;85537;86017;86426;87161;87830;88888;89521;90238;90831;86736;91733
"Hoeksche Waard";77361;77728;77981;78438;78965;79427;79791;80097;80533;81032;81789;82704;83159;83296;83542;84367;84844;85464;85609;85627;85463;85328;85106;85008;84806;84718;84548;84636;84968;85678;86115;86656;87401;84362;88715
"Hof van Twente";34336;34367;34406;34275;34341;34336;34400;34433;34562;34731;34771;34788;34809;34855;35041;35038;35000;34941;35041;35137;35181;35151;35468;35573;35599;35215;34997;34917;34881;35011;34930;34940;35017;34878;35056
"Hollands Kroon";42208;42303;42274;42414;42540;42802;43268;44252;44843;45051;45231;45551;45772;45991;46503;46478;46604;46795;47063;47358;47419;47524;47595;47677;47703;47643;47502;47546;47546;47600;47681;47815;48432;47530;48778
"Hoogeveen";50654;50847;51035;51531;51798;51910;52028;52039;52016;52235;52712;53009;52790;52782;53186;53312;53663;53886;54150;54383;54468;54652;54805;54844;54889;54874;54664;54860;55240;55311;55677;55662;55699;54557;55857
"Hoorn";55345;56474;57384;58225;59028;59959;60979;61374;61800;62313;62905;63405;64604;65764;66458;67515;67952;68136;67846;68174;68696;69358;70252;70697;71254;71360;71703;71880;72172;72493;72806;73004;73261;71736;74298
"Horst aan de Maas";36429;36631;36880;37038;37269;37592;37814;38120;38588;38970;39222;39383;39565;39798;39955;40231;40448;40464;40535;40702;40858;41263;41465;41814;41917;41810;41727;41661;41675;42139;42271;42291;42429;41638;43039
"Houten";21988;23647;25505;26883;28481;29511;30339;30743;31093;31480;31925;32959;33313;35978;38106;41254;42350;43529;44499;45568;46475;47243;47622;47935;48309;48429;48421;48637;48765;49300;49579;49911;50146;48600;50323
"Huizen";41401;41823;41966;42001;42031;41989;41775;41611;41351;41317;41692;41942;42141;42099;42230;42125;41974;42098;42091;41927;41880;42040;41934;41726;41574;41445;41245;41315;41373;41382;41369;41273;41273;41313;40938
"Hulst";26092;26190;26139;26200;26348;26386;26509;26652;26786;27138;27429;27476;27470;27662;27850;27890;27877;27883;27893;28013;27944;27886;27860;27719;27632;27514;27388;27360;27372;27395;27472;27524;27556;27278;27533
"IJsselstein";18545;19515;20225;21017;21563;22011;22527;22907;23256;23560;25133;27127;28714;30923;32401;33269;33577;33608;33976;33994;34059;34163;34226;34348;34271;34254;34275;34061;34101;34208;34302;34160;34109;33987;33429
"Kaag en Braassem";24567;24624;24781;24883;25026;25078;25162;25159;25190;25258;25270;25221;25173;25068;25045;25074;25166;25241;25302;25218;25245;25405;25635;25737;25737;25715;25745;25844;26108;26374;26625;26866;27297;23847;27895
"Kampen";45469;45659;45705;45856;46009;46183;46295;46310;46364;46593;46656;46853;47508;47941;48394;48919;48949;48980;49295;49359;49385;49860;50051;50403;50705;50924;51092;51432;51950;52511;53259;53779;54319;51072;54791
"Kapelle";10083;10182;10289;10360;10433;10461;10587;10799;10877;10968;10948;11102;11174;11442;11575;11568;11627;11609;11755;12001;12047;12288;12402;12365;12398;12495;12500;12545;12639;12622;12720;12785;12695;12520;13020
"Katwijk";55685;56098;56523;56860;57354;57660;57863;58086;58300;58576;58589;58827;59147;59571;59961;60260;60576;60748;60932;61111;61180;61337;61828;62044;62476;62688;62782;63633;64239;64532;64956;65302;65753;62722;66032
"Kerkrade";52981;52991;53127;53282;53364;53185;52848;52647;52617;52445;52150;51762;51458;51066;50680;50295;50035;49563;49323;48769;48334;48076;47684;47409;47280;47194;46784;46524;46023;45937;45823;45642;45749;46453;45324
"Koggenland";18511;18562;18681;18786;18888;18994;19018;19263;19281;19368;19518;19632;19838;20022;20155;20394;20667;20832;20959;21214;21495;21792;21969;22082;22345;22376;22485;22426;22471;22522;22659;22738;22749;22114;23048
"Krimpen aan den IJssel";27702;27638;27477;27476;27539;27661;27627;27698;27685;27954;28198;28373;28705;28698;28944;29075;29046;28983;28783;28719;28807;28907;28812;28626;28692;28855;28825;28970;29054;29123;29306;29376;29526;28901;29415
"Krimpenerwaard";51992;52493;52528;52774;53307;53663;53821;53932;54023;54025;53877;53835;53646;53863;54173;54260;54312;54183;54227;54182;53966;53793;53705;53664;53536;53810;53853;54208;54653;55204;55644;56048;56319;52392;57062
"Laarbeek";20642;20765;20959;21071;21183;21255;21445;21523;21598;21661;21635;21508;21536;21540;21543;21590;21583;21642;21771;21748;21783;21717;21581;21532;21608;21767;21802;21913;21965;21942;22158;22333;22523;21850;22943
"Land van Cuijk";80074;80469;81190;81703;82173;83074;83926;84845;85632;86529;87057;87311;87775;88538;89300;89307;89320;88957;88772;88568;88363;88404;88798;88989;88573;88367;88166;88274;88111;88176;88591;88976;89534;88010;90707
"Landgraaf";39945;40131;40187;40352;40542;40975;40989;41165;41592;41566;41645;41411;41009;40769;40345;40055;39778;39477;39189;38866;38748;38713;38457;38186;38067;37911;37573;37456;37465;37458;37612;37591;37445;37348;37023
"Landsmeer";9855;10096;10269;10374;10382;10393;10404;10342;10384;10397;10361;10321;10265;10243;10296;10352;10315;10272;10301;10264;10173;10139;10233;10253;10334;10454;10444;10823;10977;11275;11435;11488;11491;10797;11560
"Lansingerland";32039;32325;32392;32511;32583;32950;33238;33802;34480;35093;35887;38093;39572;40442;41009;42746;43854;44581;46021;47927;49411;51019;52565;54090;55265;56506;57122;58133;59035;60105;61155;61601;62384;55178;64110
"Laren";11927;11643;11529;11377;11365;11395;11916;11636;11659;11890;11664;11540;11580;11532;11862;11674;11590;11488;11005;10979;10958;11585;11323;11418;11360;10889;10862;10857;10956;11088;11146;11195;11280;10835;11528
"Leeuwarden";108337;108512;108835;108970;109762;110346;111131;111725;112371;112787;113052;113407;113818;114732;115909;116815;116932;117336;117340;117854;118331;118977;119657;120352;120816;121509;121089;121366;121511;122186;122415;123107;124084;120134;125504
"Leiden";107906;109267;110436;111949;112976;113838;114892;115442;116224;117041;116972;117389;117191;117022;117170;117689;118702;118563;118069;117485;116878;116787;117123;117915;118748;119800;121163;121562;122561;123661;124306;124899;125099;120387;125074
"Leiderdorp";21890;22303;22577;22630;22964;23267;23571;23758;23550;23610;24086;24819;25279;26179;26709;26402;26182;26154;25990;26077;26376;26470;26426;26609;26706;26743;26813;26853;26968;27128;27197;27109;27056;26767;27464
"Leidschendam-Voorburg";72495;72432;72450;72353;72501;72704;73113;73206;73056;73048;72937;73278;73698;73594;74085;73747;73832;73793;73111;72824;72862;72697;72160;72068;72405;72588;73356;73979;74223;74604;74947;75425;76534;69902;76659
"Lelystad";58449;58125;57638;58062;59285;60172;60784;60722;60707;60557;60882;61545;63098;64668;66460;68555;69640;70860;71447;72252;73063;73848;74628;75111;75312;75778;76142;76418;76792;76937;77389;77893;78598;76210;81214
"Leudal";33686;33986;34190;34467;34714;34857;35328;35558;35776;35860;36154;36276;36509;36689;36832;36851;36860;36945;36815;36818;36744;36751;36741;36600;36462;36426;36219;36244;36140;35878;35857;35681;35879;36140;35928
"Leusden";26887;27187;27157;27346;27526;27558;27605;28000;28221;27885;27993;28488;28747;28833;29038;28998;29106;28977;28889;28610;28540;28583;28812;28609;28905;28969;28997;29062;29309;29677;29755;30030;30401;29016;30713
"Lingewaard";38097;38245;38234;38381;38369;38432;38667;38813;39045;39285;39554;40171;40727;41172;41810;42467;43019;43176;43719;44344;44617;45084;45445;45589;45770;45818;45776;45788;45950;46182;46372;46475;46601;45707;46963
"Lisse";20677;20826;21124;21312;21372;21536;21697;21724;21830;21873;21942;21967;21942;22002;22051;22026;22061;21909;21877;21975;22131;22301;22335;22685;22511;22393;22336;22539;22606;22717;22746;22800;22955;22444;23015
"Lochem";31686;31645;31599;31699;31741;31672;31540;31773;31967;32055;32010;32138;32397;32496;32735;32683;32714;32816;32861;32832;33045;33313;33395;33278;33263;33308;33248;33244;33333;33545;33574;33590;33729;33208;34069
"Loon op Zand";20964;21336;21690;22101;22268;22328;22373;22432;22470;22452;22445;22654;22842;22936;23083;22977;22976;22918;22807;22870;22885;22934;23016;22973;23071;23083;23080;22960;22929;23093;23120;23327;23408;22945;23768
"Lopik";12280;12281;12436;12574;12702;12890;12985;13035;13072;13237;13241;13332;13374;13514;13571;13728;13870;13968;13908;13999;14047;14156;14174;14121;14050;13992;13999;14099;14156;14208;14395;14473;14467;14106;14512
"Losser";22404;22501;22537;22600;22662;22677;22715;22783;22805;22750;22697;22436;22570;22757;22703;22587;22508;22487;22489;22485;22492;22589;22647;22664;22673;22554;22612;22467;22444;22482;22547;22622;22683;22454;23084
"Maasdriel";20540;20746;21060;21411;21662;21892;22021;22150;22287;22440;22754;22934;23045;23370;23576;23519;23521;23554;23565;23514;23631;23798;23756;23970;24022;24092;24156;24185;24084;24250;24350;24693;25030;24079;25504
"Maasgouw";24324;24402;24457;24475;24506;24597;24706;24794;24817;24787;24658;24638;24597;24597;24618;24645;24585;24592;24484;24497;24545;24473;24275;24272;24095;24017;23907;23766;23757;23774;23697;23716;23965;23564;24028
"Maashorst";48052;48374;48962;49535;49994;50429;50842;51426;51938;52285;52841;53645;53910;54288;54530;54817;54871;55004;54945;54944;54922;55165;55424;55662;55871;56171;56179;56379;56550;56716;57057;57311;57849;56322;58362
"Maassluis";33217;33257;33352;33377;33338;33403;33164;33172;33145;33213;33157;33171;33223;33094;32989;33028;32847;32451;31956;31567;31394;31389;31591;31910;31849;31985;32080;32201;32292;32450;32518;32768;33213;32096;34148
"Maastricht";115810;116408;117036;117446;118181;118314;118131;118483;118548;118963;120209;121479;122070;122163;122005;121982;122183;121456;120175;119038;118004;118286;118533;119664;121050;121819;122488;122397;122533;122753;122723;121565;121575;121371;121151
"Medemblik";36771;36884;37088;37277;37521;37780;38277;38631;39100;39725;40055;40343;40780;40991;41113;41350;41526;41689;41870;41689;41863;42217;42668;42891;43117;43248;43320;43604;43725;44058;44480;44809;45101;43376;45464
"Meerssen";20363;20469;20541;20556;20634;20651;20651;20698;20591;20542;20482;20308;20267;20246;20223;20039;19986;19857;19762;19739;19744;19695;19565;19495;19430;19362;19254;19063;19040;19072;19039;18923;18828;19036;18581
"Meierijstad";68823;69339;69765;70249;70797;71719;72505;73249;73722;74167;74685;75133;75786;76437;76982;76901;77111;76811;76759;76815;77011;77441;77974;78338;78479;78620;78758;79234;79599;79869;80148;80815;81194;79150;82613
"Meppel";26575;26743;27051;27252;27398;27517;27769;28318;28548;28930;29135;29419;29652;30037;30221;30588;30651;30397;30539;31087;31536;32026;32378;32511;32573;32726;32867;32799;32794;33025;33410;33564;33920;32699;34761
"Middelburg";43683;44103;44044;44423;44680;44988;45113;44996;45004;44668;44440;44481;44920;45427;45608;46214;46350;46548;46974;47267;47325;47559;47997;48030;47768;47523;47642;47613;47873;48019;48303;48544;48822;47448;49199
"Midden-Delfland";13640;13829;13880;13993;14236;14372;14733;15221;15575;15775;16260;16559;16849;17129;17207;17199;17072;17054;17435;17536;17451;17598;17890;18154;18225;18251;18456;18709;18873;19034;19338;19391;19341;17562;19484
"Midden-Drenthe";29380;29603;29589;29707;29961;30161;30528;31002;31281;31764;32024;32130;32394;32813;32691;32826;32806;32984;33282;33545;33587;33560;33560;33581;33558;33422;33366;33284;33450;33399;33172;33178;33185;33016;33689
"Midden-Groningen";59790;59599;59477;59545;59448;59403;59287;59130;59130;59242;59245;59412;59459;59711;60254;60464;60554;60896;61091;61139;61460;61642;61794;61728;61655;61493;61092;61094;61081;61131;60953;60899;60797;62085;60898
"Moerdijk";34945;35076;35239;35509;35761;35978;36106;36165;36264;36428;36532;36342;36312;36456;36433;36553;36775;36785;36676;36645;36724;36648;36536;36547;36522;36625;36729;36816;36762;36944;36967;36961;37129;36746;37313
"Molenlanden";41013;41157;41336;41643;41779;41981;42172;42160;42303;42541;42580;42569;42647;42714;42983;43116;43319;43416;43422;43454;43492;43472;43525;43521;43610;43656;43474;43457;43611;43808;43846;43858;43909;41464;44644
"Montferland";33312;33529;33784;33781;33815;33871;34103;34353;34491;34702;34856;34795;34873;34942;35016;35110;35249;35266;35193;35054;34995;35103;35179;34976;35043;34834;34987;35150;35173;35316;35627;36026;36011;35150;36359
"Montfoort";12328;12397;12413;12518;12673;12744;12790;13090;13226;13254;13237;13254;13372;13285;13298;13339;13367;13438;13506;13474;13493;13484;13494;13500;13601;13621;13639;13672;13783;13866;13879;13996;13917;13664;13818
"Mook en Middelaar";7116;7193;7227;7235;7260;7379;7458;7463;7434;7449;7472;7597;7833;7978;7947;8011;7977;8010;8016;8029;8084;8040;8049;7947;7874;7827;7796;7762;7755;7775;7768;7806;7847;7738;7989
"Neder-Betuwe";19611;19842;20066;20225;20453;20661;20953;21255;21360;21404;21639;21752;21896;22091;22191;22257;22289;22359;22378;22309;22424;22561;22553;22620;22614;22593;22555;22728;23049;23303;23615;24034;24339;22613;25032
"Nederweert";15140;15190;15272;15396;15506;15610;15673;15776;15865;15930;15978;16065;16129;16171;16136;16104;16100;16265;16446;16539;16665;16695;16607;16678;16771;16785;16751;16776;16793;16864;17038;17001;17019;16733;17323
"Nieuwegein";57343;58114;58570;58712;58678;58531;58138;57949;59009;59824;61029;62461;62899;62345;62140;62124;61803;61449;61605;61365;61087;61007;60896;60947;60720;60895;61038;61264;61749;61868;62426;63036;63462;60906;64554
"Nieuwkoop";26429;26588;26789;26914;27117;27185;27337;27390;27354;27238;27168;27120;27002;26893;26823;26844;26815;26846;26882;26987;26777;26757;26929;26988;26974;27082;27104;27114;27433;27914;28269;28628;28811;26218;29304
"Nijkerk";33622;33819;33875;34059;34389;34885;35048;35232;35490;35558;35672;35887;36315;36721;37327;37631;37983;38419;38695;38879;38982;39080;39538;39788;40126;40355;40638;40870;41199;41775;42307;42943;43171;40587;44311
"Nijmegen";148834;148464;147837;148907;149494;150176;150257;150849;150739;150322;150495;151864;152200;153705;154616;156198;157466;158215;159522;160907;161251;161817;162963;164223;165182;166382;168292;170681;172064;173556;175948;176731;177659;170133;179100
"Nissewaard";74859;76499;78471;80315;80841;81176;81549;81934;81824;82707;82814;83407;84605;85354;86651;86807;86598;86157;85933;85317;84423;83850;83588;83438;83388;83561;83715;83904;84074;84180;84593;84797;85219;84743;86332
"Noardeast-Frysl√¢n";46236;46194;45942;45791;45647;45748;45935;45979;45971;46187;46034;46104;46142;46736;47111;47270;47144;47195;47126;46882;46644;46483;46253;46086;46027;45906;45828;45556;45444;45508;45287;45181;45228;45539;45593
"Noord-Beveland";6730;6711;6714;6736;6783;6708;6737;6764;6852;6914;6889;6864;6901;6971;7052;7127;7124;7195;7200;7267;7289;7327;7397;7474;7522;7509;7530;7433;7421;7382;7314;7308;7392;7406;7668
"Noordenveld";29370;29877;30365;30373;30443;30375;30601;30848;31057;30987;30876;30802;30740;30959;31565;31936;32129;31712;31573;31439;31253;31075;30808;30794;30955;31024;31087;31137;31039;32981;32370;31290;31253;31130;31238
"Noordoostpolder";37613;37647;37891;38094;38429;38895;39426;39768;40387;40929;41587;42054;42948;43669;44252;44741;45568;45600;45739;45777;45716;45814;46090;46253;46342;46284;46356;46479;46439;46544;46625;46849;47291;46457;48048
"Noordwijk";39958;40057;40227;40254;40441;40602;40659;40745;40658;40499;40716;40524;40192;40018;39801;39655;39544;39684;39839;39994;40305;40690;40962;41039;41165;41411;41647;41667;41900;42185;42661;42859;43508;41237;44365
"Nuenen, Gerwen en Nederwetten";20844;20834;21030;21110;21099;21334;21833;22210;22781;23215;23382;23584;23783;23679;23645;23514;23367;23182;22873;22692;22598;22437;22213;22242;22548;22645;22620;22620;22763;22866;23019;23186;23383;22469;23826
"Nunspeet";24169;24573;24853;25064;25514;25716;25828;25841;25957;25936;26025;26085;26149;26139;26317;26456;26634;26677;26583;26583;26567;26714;26728;26685;26609;26628;26680;26744;26835;26892;27114;27481;27851;26790;28223
"Oegstgeest";17918;18176;18517;18757;18847;19055;19291;19454;19802;20123;20187;20192;20794;21126;21261;21237;21197;21318;21891;22022;22367;22564;22597;22767;22788;23153;22910;22997;23209;23608;23887;24426;24840;22722;25499
"Oirschot";15948;16077;16179;16327;16526;16650;16799;16973;17189;17404;17482;17591;17683;17703;17808;17838;17839;17904;17812;17852;17855;17806;17750;17845;17861;17926;17980;18079;18199;18499;18558;18623;18714;17873;19061
"Oisterwijk";29473;29804;30124;30382;30622;30778;30856;30875;31021;30983;31002;30984;31085;31043;31110;31333;31527;31609;31567;31377;31376;31347;31401;31297;31347;31322;31360;31264;31386;31627;31902;31947;32124;30854;32503
"Oldambt";40676;40315;39951;39775;39696;39676;39601;39773;39723;39994;39991;39998;39848;40170;40127;39934;39848;39601;39604;39596;39606;39565;39486;39396;39095;38748;38560;38420;38228;38108;38075;38129;38209;38485;38521
"Oldebroek";21013;21353;21487;21562;21646;21656;21690;21858;21984;22142;22135;22278;22374;22645;22680;22892;22951;22966;22880;22800;22771;22622;22750;22659;22716;22774;22835;23001;23104;23256;23504;23598;23646;23020;23930
"Oldenzaal";29899;30035;30161;30196;30360;30718;30733;30988;31017;31014;30992;31076;31067;31111;31180;31374;31392;31373;31297;31416;31584;31764;31974;32176;32176;32200;32137;32120;32110;32006;31915;31840;31836;32108;31741
"Olst-Wijhe";16238;16194;16277;16366;16409;16665;16836;16954;16901;16854;16805;16861;16942;17024;16979;17002;17035;17079;17247;17327;17334;17482;17540;17502;17659;17751;17770;17839;17886;17957;18023;18071;18252;17813;18496
"Ommen";16212;16364;16455;16471;16537;16642;16661;16688;16727;16521;16493;16478;16686;16772;16890;16966;16938;17028;17303;17311;17419;17446;17404;17329;17380;17314;17361;17341;17696;17531;17630;17813;18009;17292;18457
"Oost Gelre";27793;27998;28174;28418;28528;28619;28711;28822;29145;29257;29288;29406;29531;29701;30131;30388;30402;30416;30021;29853;29873;30012;30026;30113;30005;29873;29700;29533;29537;29634;29672;29704;29627;29522;29603
"Oosterhout";47727;48187;48451;48729;49092;49711;50094;50698;51102;51286;51623;51723;52291;52749;52968;53136;53121;52921;52853;53295;53785;54198;54136;54072;54006;53686;53717;53793;54018;54604;55147;55616;55982;53776;56535
"Ooststellingwerf";24920;24837;24799;24934;24898;24968;25045;25070;25070;25088;25423;25602;25790;26238;26726;26761;26683;26491;26125;26224;26398;26288;26235;26004;25858;25836;25672;25617;25571;25540;25459;25497;25469;25473;25680
"Oostzaan";7195;7384;7491;7655;7758;7868;8047;8213;8277;8397;8581;8745;8921;8909;9062;9118;9176;9182;9200;9248;9205;9201;9149;9114;9097;9141;9139;9187;9504;9652;9735;9757;9735;9132;9639
"Opmeer";10061;10065;10133;10145;10179;10212;10336;10408;10449;10621;10592;10800;10848;11041;11165;11220;11201;11252;11268;11212;11244;11289;11386;11420;11393;11379;11368;11301;11336;11420;11526;11779;11836;11217;12074
"Opsterland";26503;26433;26511;26753;27021;27273;27471;27955;28200;28377;28565;28676;28769;28833;28828;29000;29436;29472;29565;29583;29703;29777;30039;29991;29952;29896;29863;29859;29830;29718;29753;29723;29733;29863;29791
"Oss";77528;78057;78650;79423;80140;80826;81385;81860;82739;83540;84271;84899;85584;86770;87250;87574;87659;87645;87708;87962;88029;88345;88627;88780;89220;89426;89528;89799;90003;90376;90951;91451;91915;89494;93307
"Oude IJsselstreek";40097;40130;40165;40203;40282;40325;40451;40605;40540;40461;40510;40474;40490;40524;40636;40553;40384;40377;40214;40068;39905;40010;39897;39922;39839;39779;39595;39558;39657;39568;39520;39473;39388;39369;39387
"Ouder-Amstel";11731;11781;11848;11941;11858;11793;11742;11704;11689;11707;12033;12449;12775;12979;13020;13045;13046;13168;13142;13038;13046;13107;13099;13146;13232;13249;13271;13289;13411;13419;13496;13916;14026;13172;14212
"Oudewater";9338;9410;9462;9462;9445;9525;9543;9666;9752;9773;9847;9840;9789;9742;9699;9754;9795;9947;9941;9953;9917;9898;9843;9815;9850;9872;9873;9924;10049;10187;10180;10201;10230;9921;10159
"Overbetuwe";35047;35479;35661;35964;36187;36503;36926;37393;37806;38205;38148;38450;39210;39731;40284;40604;41176;42272;42737;43161;44226;45097;45577;45953;46269;46531;46665;46833;47002;47394;47481;47543;47906;46807;48266
"Papendrecht";26827;27056;27347;27677;28079;28481;28532;28670;28576;28504;28827;29204;29694;30088;30276;30510;30914;31224;31553;31403;31573;31730;31853;31883;32032;32082;32117;32188;32248;32292;32264;32290;32136;32137;32208
"Peel en Maas";38190;38532;38900;39188;39611;40062;40459;40822;41098;41365;41724;41929;42096;42303;42363;42392;42454;42508;42550;42536;42688;42869;43058;43188;43271;43302;43314;43448;43316;43347;43312;43311;43425;43328;44278
"Pekela";13028;12962;12942;12933;13000;12985;13041;13096;13205;13181;13233;13281;13408;13359;13599;13580;13482;13449;13395;13304;13262;13130;13054;12954;12868;12804;12706;12678;12641;12517;12245;12214;12196;12691;12196
"Pijnacker-Nootdorp";23194;23282;23915;24924;25583;26319;27239;27917;28515;28923;29656;31426;32397;33607;35123;35855;37696;39882;41695;42769;43762;45900;48013;49286;50103;50454;51071;51203;51894;52656;53634;54331;55308;48371;56572
"Purmerend";62000;63798;66247;68635;70418;71726;72504;73125;73812;74134;75225;76795;78696;80593;82059;83457;84372;85592;86437;86431;86908;87426;87622;87766;87985;88267;88486;88514;88847;89133;89533;89865;91271;87930;92240
"Putten";20666;20898;20940;21175;21415;21545;21707;21854;22055;22195;22340;22394;22697;22889;23161;23192;23180;23183;23173;23041;23183;23458;23592;23746;23860;23971;23872;24377;24516;24428;24313;24198;24112;24348;24598
"Raalte";33846;34233;34500;34900;35055;35287;35631;35979;36079;36168;36169;36099;36151;36403;36632;36956;37144;37206;37259;37311;37030;36891;36796;36688;36603;36486;36519;36603;36700;36907;37158;37511;37712;36529;38140
"Reimerswaal";19374;19345;19434;19633;19737;19896;20125;20341;20417;20499;20360;20426;20524;20726;20831;20839;20966;21019;21142;21109;21296;21345;21476;21614;21704;21859;21927;22058;22265;22356;22555;22678;22730;21996;22920
"Renkum";34024;33841;33578;33315;33039;32867;32772;32536;32453;32278;32070;32076;32155;32236;32250;32098;31908;31903;31603;31640;31719;31752;31656;31559;31630;31565;31580;31408;31254;31391;31338;31302;31419;31292;31358
"Renswoude";3650;3695;3678;3694;3676;3666;3726;3729;3958;4001;4008;3979;4005;4055;4138;4205;4266;4305;4346;4463;4482;4532;4602;4752;4822;4893;4924;4976;5051;5101;5175;5259;5444;4970;5651
"Reusel-De Mierden";11547;11671;11827;12042;12067;12173;12205;12247;12365;12390;12347;12384;12434;12457;12429;12353;12371;12301;12314;12367;12384;12432;12555;12606;12654;12670;12713;12774;12811;12908;13040;13060;13112;12712;13271
"Rheden";46486;46088;45691;45562;45323;44963;45056;45131;44975;44642;44311;44320;44313;44386;44831;45012;44886;44773;44189;43950;43763;43679;43724;43982;43612;43679;43640;43625;43824;43645;43527;43640;43761;43461;43435
"Rhenen";16850;16952;16959;16984;17099;17217;17446;17396;17365;17362;17421;17479;17642;17710;17895;18055;18242;18335;18364;18644;18779;18833;18860;18951;19064;19047;19116;19308;19400;19597;19816;20004;20119;19169;20265
"Ridderkerk";46199;46163;45999;45989;45834;46279;46425;46687;46650;46657;46725;46794;46839;46542;46196;45873;45528;45106;44757;44679;44689;44646;44746;44889;45208;45330;45253;45149;45097;45408;45789;46241;46189;44935;47099
"Rijssen-Holten";32416;32689;32905;33171;33251;33443;33630;33953;34377;34699;34937;35040;35140;35408;35632;35880;36165;36357;36412;36579;36662;36787;37080;37433;37561;37608;37661;37830;37875;37983;38097;38300;38177;37773;38231
"Rijswijk";48657;48189;48010;47705;47456;47121;46807;46415;46059;46879;48488;49068;49042;48892;48803;48094;47693;47379;47152;47041;46833;46758;46672;46671;46990;47372;47634;48216;49328;51027;52208;53467;54450;47932;56941
"Roerdalen";20868;21053;21003;21169;21176;21268;21363;21387;21492;21563;21553;21466;21548;21566;21549;21551;21407;21249;21286;21320;21142;21333;21307;21239;21092;20996;20832;20699;20686;20700;20728;20615;20574;20697;20558
"Roermond";50237;50406;50698;51080;51395;51405;51713;51666;52415;52471;52651;53248;53542;53771;53959;54031;53923;54160;54301;54248;54446;54731;55212;55595;56165;56690;56929;57005;57010;57390;57761;58209;58260;56732;59184
"Roosendaal";66926;67611;68570;69146;69738;70461;71097;71609;72228;72953;73813;74069;75157;76769;77640;78110;77916;77734;77703;77450;77277;77482;77566;77541;77426;77155;77027;76874;76960;77163;77000;77032;77251;76625;77244
"Rotterdam";588748;590708;593625;596767;604215;610473;613020;612341;606731;603879;604245;606142;606021;608480;611951;612892;612096;609502;601540;596738;595504;599609;605543;610386;616260;616294;618357;623652;629606;634660;638712;644618;651157;620559;655468
"Rozendaal";1278;1259;1217;1200;1188;1161;1189;1160;1162;1170;1181;1266;1422;1506;1529;1527;1509;1513;1502;1527;1511;1515;1495;1512;1514;1501;1503;1509;1498;1498;1575;1654;1704;1559;1756
"Rucphen";21021;21316;21610;21740;21953;22144;22195;22307;22320;22319;22308;22368;22477;22586;22601;22607;22624;22527;22412;22408;22473;22549;22484;22430;22320;22268;22180;22233;22276;22345;22401;22572;22878;22148;23326
"Schagen";40802;41118;41361;41699;41963;42242;42488;42806;42976;43293;43261;43233;43259;43465;43885;44595;45446;45880;46061;46551;46508;46293;46409;46427;46436;46207;45978;46137;46159;46193;46379;46553;46483;45743;46833
"Scherpenzeel";8528;8616;8725;8764;8764;8895;8968;9111;9140;9148;9123;9029;9090;9138;9073;9039;9033;8961;8933;8926;9037;9141;9316;9327;9354;9403;9498;9522;9529;9704;9751;9873;9880;9504;10317
"Schiedam";69276;69438;69417;70207;71117;71875;72515;73480;74162;74889;74910;75169;75589;76102;76576;75802;75619;75487;75389;75162;74947;75326;75565;75718;76244;76216;76450;76869;77108;77838;77907;77999;78730;76186;79644
"Schiermonnikoog";904;927;921;933;943;941;981;1005;972;1005;1003;1004;1000;1017;1025;1000;992;997;986;946;951;946;942;957;932;960;942;926;919;941;932;936;947;977;944
"Schouwen-Duiveland";29730;29750;29970;30144;30462;30850;31566;31937;32339;32493;32954;33222;33601;34194;34503;34484;34415;34491;34435;34132;33994;33929;34118;34203;34151;34040;33852;33821;33735;33765;33687;33779;33839;33648;34152
"'s-Hertogenbosch";121529;122850;123674;125078;126556;127940;129365;130546;131685;133219;134109;134766;135803;137244;138468;139267;140258;140716;141410;142346;143160;144454;146291;147461;148571;149472;150401;150889;151608;152411;153434;154205;155111;150373;156538
"Simpelveld";11850;11882;11877;11867;11960;11881;11867;11935;11840;11807;11684;11617;11589;11500;11418;11448;11436;11430;11317;11319;11206;11090;10996;10953;10914;10920;10844;10844;10741;10571;10561;10516;10555;10832;10425
"Sint-Michielsgestel";26519;26834;26903;27037;27121;27195;27147;27154;27211;27456;27375;27472;27684;27830;27975;27961;27886;27902;28013;27921;28100;28267;28138;28114;28128;28040;28121;28395;28403;28584;28673;28991;29208;28374;29731
"Sittard-Geleen";92064;92547;93108;93863;94481;95010;95628;96097;96883;97563;97989;98279;98412;97935;97938;97791;97472;97040;96648;96245;95691;95327;95243;94814;94535;94024;93691;93724;93555;93319;92956;92661;92429;92877;91719
"Sliedrecht";22866;22833;23039;23213;23175;23282;23561;23915;23832;23841;23955;23785;23703;23664;23807;23820;23837;23902;23801;23774;23765;23895;24051;24061;24232;24389;24528;24758;24968;25012;25020;25026;25220;24471;25897
"Sluis";24923;24811;24636;24501;24432;24346;24388;24302;24258;24326;24331;24209;24253;24594;24755;24828;24596;24605;24357;24325;24238;24156;24089;23979;23892;23886;23820;23747;23639;23658;23526;23386;23210;23729;23141
"Smallingerland";50547;50434;50229;50072;50289;50446;50440;50258;50199;50618;51092;51693;52437;53010;53493;53740;54053;54432;54859;54956;54962;55201;55271;55436;55456;55454;55467;55635;55439;55695;55889;55938;56150;55492;55895
"Soest";41502;41609;41480;41431;41650;41796;41998;42513;42812;43196;43771;44139;44251;44622;44705;44792;44906;45087;45217;45360;45560;45711;45680;45611;45612;45508;45493;45454;45487;45874;46089;46194;46606;45350;47113
"Someren";16920;17023;17148;17190;17276;17482;17650;17778;17903;18021;18091;18069;18277;18452;18480;18413;18223;18113;18118;18134;18211;18229;18229;18317;18580;18628;18690;18695;18914;19036;19120;19322;19368;18676;19701
"Son en Breugel";14547;14489;14526;14518;14422;14457;14599;14571;14627;14630;14493;14543;14717;14819;14805;15017;15070;15136;15297;15306;15448;15527;15543;15653;15822;16138;16235;16344;16425;16626;16753;16904;17322;16210;17775
"Stadskanaal";33219;33073;32979;32936;32924;32773;32933;32957;33009;33016;32906;32838;33097;33517;33632;33695;33708;33804;34146;34123;33817;33430;33416;33122;32998;32885;32803;32610;32621;32252;32258;31789;31686;32590;31851
"Staphorst";13457;13551;13717;13807;13989;14129;14299;14557;14783;14999;15155;15204;15222;15329;15438;15565;15665;15709;15783;15899;15973;16016;16153;16179;16224;16275;16367;16421;16544;16691;16797;17003;17145;16362;17282
"Stede Broec";18487;18424;18328;18412;18520;18743;19079;19453;19926;20361;20673;21126;21179;21081;21128;21171;21386;21480;21400;21345;21372;21289;21274;21402;21468;21430;21485;21498;21493;21552;21670;21706;21726;21497;21947
"Steenbergen";21327;21395;21473;21510;21631;22002;22307;22510;22820;22864;22978;23152;23338;23354;23390;23386;23484;23435;23356;23301;23211;23229;23224;23273;23354;23400;23374;23638;23477;23970;24781;25054;24416;23475;24333
"Steenwijkerland";38132;38106;38104;38173;38394;38748;38854;38882;39209;39781;40202;40708;40730;41186;41870;42358;42846;42833;43122;43127;43282;43215;43208;43281;43402;43437;43350;43219;43333;43448;43768;43940;44126;43137;44741
"Stein";26470;26569;26583;26687;26740;26781;26819;26776;26612;26507;26389;26303;26320;26432;26520;26596;26608;26772;26656;26331;26091;25865;25673;25709;25623;25431;25390;25134;25064;25059;24987;24961;25007;25028;24803
"Stichtse Vecht";57992;59137;60380;61425;61973;62759;63023;63076;63380;63537;63529;63417;63219;62950;62802;62759;62647;62533;62434;62239;62319;62744;62785;63054;63315;63491;63856;63943;64061;64450;64513;64336;64931;63334;65240
"S√∫dwest-Frysl√¢n";82420;82286;82013;82021;81967;82046;82356;82720;83305;83692;84683;85400;86339;87271;88066;88495;88572;88664;88662;88830;89112;89158;89471;89698;89857;89885;89717;89677;89538;89604;89594;89710;89987;89379;90300
"Terneuzen";56312;56052;55903;56029;56156;56274;56428;56206;55944;55567;55514;55373;55359;55372;55478;55520;55412;55361;55414;55268;55155;55149;54878;54823;54742;54729;54709;54577;54657;54588;54440;54589;54426;54302;54501
"Terschelling";4601;4572;4547;4552;4554;4591;4667;4669;4708;4801;4776;4761;4723;4768;4769;4723;4725;4731;4729;4707;4705;4740;4733;4721;4748;4795;4780;4827;4870;4859;4906;4890;4888;4913;4960
"Texel";12690;12722;12652;12726;12836;13006;13022;13129;13132;13345;13378;13343;13425;13535;13728;13825;13735;13739;13708;13618;13547;13691;13779;13728;13668;13662;13552;13581;13574;13545;13584;13547;13575;13627;13687
"Teylingen";28573;29148;29361;29987;30441;30884;30925;31003;31516;31871;32024;32658;33622;33951;34147;34278;34606;34671;34700;35025;35325;35550;35776;35829;35686;35800;35735;35646;36013;36093;36584;37061;37440;33252;37942
"Tholen";21293;21300;21380;21618;21740;21971;22292;22605;22922;23164;23431;23595;23618;23763;23884;23990;24386;24676;24892;25155;25264;25368;25410;25489;25540;25514;25408;25440;25421;25527;25583;25780;25757;25436;26401
"Tiel";31052;31447;32069;32448;32696;32982;33626;34226;34998;35744;36467;37490;38380;39663;40205;40515;40609;40542;40966;41191;41132;41070;41192;41181;41527;41751;41775;41590;41510;41488;41465;41978;42159;41298;42277
"Tilburg";173308;174059;175476;177853;179673;181480;182530;183525;183650;184496;187209;191976;194534;197228;198772;199321;200171;200459;201729;202601;203433;204799;206179;207566;208905;209847;211591;212962;214259;215157;216960;218707;221255;212528;224459
"Tubbergen";18251;18443;18629;18724;18859;18979;19182;19407;19519;19648;19793;19879;19938;20022;20161;20262;20298;20508;20601;20724;20797;20992;21145;21171;21206;21172;21206;21142;21120;21153;21213;21276;21275;21121;21364
"Twenterand";31563;31669;31820;31799;31833;31991;32133;32531;32592;32980;33001;33209;33277;33325;33367;33427;33493;33549;33438;33461;33461;33605;33580;33727;33929;33971;33929;33874;33846;33845;33903;33792;33743;33787;33718
"Tynaarlo";30325;30515;30473;30618;30952;31215;31360;31296;31230;31143;31385;31456;31508;31752;31865;31998;32203;32301;31977;31731;31974;32236;32408;32450;32357;32456;32493;32570;32804;33280;33462;33698;33887;32338;34221
"Tytsjerksteradiel";30063;30082;30220;30291;30328;30532;30802;30862;31029;31177;31062;31111;31037;31049;31413;31696;31963;32016;32142;32322;32243;32211;32237;32178;32164;31979;31973;31957;32077;31963;31870;31780;32052;31833;32282
"Uitgeest";9401;9444;9407;9369;9570;9746;9994;10107;10297;10725;11052;11104;11312;11669;11768;11772;11783;11787;11915;12061;12205;12434;12664;12819;12897;13061;13234;13291;13360;13465;13520;13528;13666;13210;13563
"Uithoorn";22032;22197;22555;22900;23137;23581;24069;24572;24998;25280;25664;25936;26081;26228;26414;26671;26753;26959;26834;26967;27491;27650;28043;28104;28307;28387;28418;28731;29181;29201;29445;29424;29478;28630;31018
"Urk";12413;12910;13197;13530;13833;14028;14302;14627;14825;15101;15353;15621;15893;16231;16489;16748;17044;17262;17458;17585;17825;18062;18310;18678;18950;19225;19470;19705;19987;20220;20524;20776;21031;19700;21468
"Utrecht";246156;246521;246054;246848;248193;249774;250990;252030;251363;252361;252356;252454;254141;256420;260625;265151;270244;275258;280949;288401;294737;299891;307081;311367;316275;321916;328164;334176;338967;343038;347483;352866;357597;332643;361699
"Utrechtse Heuvelrug";47055;47375;47466;47771;47905;48069;48367;48617;48558;48652;48634;48349;48401;48526;48721;48873;49103;49389;48957;48846;48979;48893;48801;48726;48267;48092;47951;48183;48506;49035;49314;49515;49580;47824;49981
"Vaals";10650;10639;10742;10781;10794;10945;10952;10997;10922;10865;10864;10981;10821;10838;10732;10628;10423;10229;10068;9959;9838;9825;9870;9805;9749;9771;9685;9694;9632;9710;9874;10092;10105;9683;10135
"Valkenburg aan de Geul";17676;17697;17842;18116;18000;17904;18062;18074;18151;18170;18044;17908;17879;17885;17834;17896;17768;17561;17280;17186;17099;17071;17090;17024;16945;16814;16675;16618;16518;16440;16431;16470;16367;16542;16167
"Valkenswaard";29725;29821;30002;30231;30506;30597;30649;30791;31031;31284;31182;31090;31089;31008;31163;31111;31091;31057;30924;30908;30867;30871;30725;30622;30666;30584;30335;30234;30262;30516;30654;30910;31193;30144;31236
"Veendam";28245;28234;28271;28292;28267;28260;28232;28315;28540;28639;28476;28217;28218;28328;28304;28397;28275;28250;28185;28117;28058;27995;28024;27981;27920;27914;27792;27695;27467;27527;27508;27491;27384;27705;27466
"Veenendaal";46468;47445;48532;49879;50985;52148;53244;54228;55527;56892;58139;59149;59875;60392;60669;60953;61111;61381;61669;61706;61769;62008;62053;62267;62870;63032;63252;63440;63816;64277;64918;65589;66493;63238;67671
"Veere";21101;21158;21211;21367;21392;21394;21670;21893;21996;22100;22183;22096;22069;22031;21985;22087;22130;22039;21946;21950;21998;21960;21914;21926;21959;21903;21868;21926;21960;21900;21867;21835;21880;21815;21850
"Veldhoven";37812;38451;38840;38898;39120;39465;39751;39976;40246;40838;41449;41767;42003;42489;42718;42795;42545;42763;43716;43284;43056;43007;43243;43592;43880;44092;44155;44166;44317;44724;44925;45337;45466;44113;45822
"Velsen";57147;57608;58520;60135;61506;62828;63617;64490;65509;65982;66157;66077;66553;66977;67407;67527;67642;67516;67678;67635;67556;67528;67281;67347;67286;67122;67220;67166;67448;67619;67831;68348;68648;66569;68482
"Venlo";96658;96710;97151;97734;98356;98734;98923;98995;98838;98543;98530;98598;98923;99490;100362;100728;100964;101155;100916;100871;100615;100178;100301;99793;100027;100159;100428;100536;100371;101059;101192;101603;101802;100457;102136
"Venray";37281;37331;37461;37612;37667;38034;38432;39196;39697;39976;40447;40914;41252;41579;42072;42590;42551;42589;42493;42504;42541;42707;42718;42784;42959;43038;43112;43202;43291;43565;43341;43326;43614;43177;43964
"Vijfheerenlanden";50344;50761;51253;51818;52260;52687;53034;53367;53540;53455;53553;53605;53631;53748;54043;54373;54433;54290;54002;53843;53650;53815;53789;53717;53768;53926;53842;53917;53942;54461;55001;55712;56811;53708;58788
"Vlaardingen";75023;74480;73852;73719;73893;73774;73820;73992;74271;74352;74250;73728;73535;73675;73935;74322;74058;73394;72553;71461;70860;70433;70533;71269;71042;70905;70981;71645;71808;71999;72050;72404;73397;71388;74143
"Vlieland";1050;1066;1078;1064;1093;1090;1117;1119;1142;1160;1150;1150;1201;1215;1183;1240;1157;1133;1127;1137;1124;1146;1160;1151;1105;1114;1110;1103;1083;1085;1132;1138;1155;1152;1195
"Vlissingen";44498;44024;43951;43802;43915;44181;44213;44476;44399;44568;44754;44530;44342;44776;45416;45199;45236;45372;45073;45023;44798;44712;44645;44536;44502;44451;44444;44485;44451;44394;44485;44371;44360;44387;44585
"Voerendaal";13215;13259;13228;13104;13145;13154;13178;13197;13121;13118;13127;13049;13066;13142;13163;13087;12996;12953;12959;12848;12757;12749;12703;12664;12664;12617;12454;12397;12482;12462;12390;12452;12475;12387;12426
"Voorschoten";22315;22267;22325;22207;22200;22435;22614;22683;22727;22906;22913;22801;22662;22621;22558;22542;22505;22712;22887;22785;22861;22996;23462;23865;24310;24658;24951;25150;25211;25315;25453;25479;25596;25071;25627
"Voorst";23744;23678;23633;23731;23769;23678;23782;23729;23777;23733;23601;23647;23685;23713;23736;23602;23639;23557;23522;23510;23660;23706;23772;23703;23719;23724;23767;23913;23984;24199;24310;24417;24552;23855;24994
"Vught";28112;28293;28495;28784;28910;29149;29306;29284;29441;29838;29766;29838;30071;30241;30399;30031;29913;29953;29922;29905;30002;29933;30016;30272;30404;30162;30241;30434;30570;30896;31196;31205;31426;29938;31783
"Waadhoeke";46125;46046;45883;45611;45628;45634;45538;45612;45700;45766;45844;45856;46045;46629;47312;47494;47923;47812;47687;47250;47098;47095;47173;47399;47003;46773;46664;46444;46237;46051;46101;46039;46090;46399;46309
"Waalre";15064;15131;15179;15352;15386;15518;15668;15706;15836;15902;16045;16183;16260;16266;16193;16339;16502;16477;16487;16521;16695;16543;16533;16482;16503;16725;16765;16874;17023;16898;17075;17247;17456;16820;17626
"Waalwijk";42614;42981;43155;43366;43709;44111;44390;44638;44771;44476;44798;45173;45308;45253;45428;45559;45597;45708;45762;45667;45641;45744;45751;46211;46422;46438;46498;46713;47021;47410;47725;48240;48637;46626;49342
"Waddinxveen";24304;24629;25065;25172;25409;25653;25963;25937;25876;26129;26678;26803;26644;26843;26884;26797;26304;26217;26062;25896;25638;25436;25400;25337;25280;25217;25508;25657;26072;26536;27578;28316;29291;25579;31342
"Wageningen";32721;32370;32492;32818;32854;32591;32567;32671;32780;33027;32852;33340;33440;33826;33987;34841;35137;35219;35315;35680;36215;36695;37359;36642;37049;37408;37429;37786;37837;38458;38412;38774;39664;37571;39939
"Wassenaar";26044;25972;26159;26218;26065;26058;25754;25830;25840;26195;26144;26063;25999;26019;25801;25662;25506;25557;25622;25608;25763;25909;25816;25830;25762;25656;25675;25731;25885;26055;26084;26211;26305;25590;27115
"Waterland";17208;17199;17273;17576;17743;17909;17858;17864;17825;17811;17647;17434;17389;17224;17172;17150;17266;17343;17267;17183;17026;16954;17057;17140;17010;17091;17134;17143;17304;17290;17259;17315;17424;16751;17343
"Weert";44793;45050;45303;45476;45656;46031;46415;46769;47107;47415;47590;47711;47959;48151;48479;48785;48724;48707;48575;48484;48305;48332;48456;48563;48668;48587;48721;48914;49100;49574;49855;49842;50105;48904;50346
"West Betuwe";42347;42604;42816;43092;43334;43771;44062;44375;44582;44780;45172;45646;46344;46963;47115;47667;47886;48679;48859;48951;49052;49046;49039;48945;49159;49269;49380;49440;49580;50089;50349;50697;51128;49234;51971
"West Maas en Waal";16711;16765;16782;16884;16989;17218;17467;17631;17729;17866;17918;17928;18092;18181;18241;18202;18232;18315;18376;18261;18320;18374;18413;18301;18325;18410;18419;18570;18693;18820;18891;19076;19324;18423;19675
"Westerkwartier";56368;56239;56029;56186;56517;56812;57469;58155;58726;59286;59393;59564;60023;60610;61603;61719;61676;61649;61260;61549;61760;62135;62211;62330;62514;62583;62577;62298;62426;62687;62844;63031;63329;60523;64306
"Westerveld";16484;16636;16772;16806;16851;17174;17409;17571;17908;18283;18497;18689;18888;18943;19158;19097;19036;19131;19256;19287;19333;19302;19342;19365;19198;19091;18933;19085;18940;19084;19152;19348;19460;18992;19854
"Westervoort";14827;15159;15252;15318;15510;15631;15686;15878;15979;16079;16037;16141;16225;16153;16212;16162;16068;15945;15730;15599;15478;15277;15237;15336;15294;15199;15138;14992;15001;14991;15015;14944;14971;14966;14944
"Westerwolde";25720;25662;25442;25505;25401;25344;25359;25370;25435;25416;25582;25747;25916;26152;26280;26334;26677;26219;26354;26114;25822;25538;25521;25692;25543;25117;24825;25366;25393;24827;24684;25199;25733;25448;26571
"Westland";89448;90328;90955;91392;91977;92338;92851;93272;93505;94047;94544;95158;95699;96054;96698;97172;97270;97858;98328;98869;99299;99436;99717;99776;101980;102698;103241;104302;104960;105632;107492;108603;110375;97501;112448
"Weststellingwerf";24576;24426;24398;24353;24257;24266;24325;24555;24677;24771;24759;24857;24990;25247;25403;25802;25990;25958;25507;25500;25674;25802;25829;25846;25780;25595;25454;25525;25520;25608;25720;25840;25914;25417;26278
"Westvoorne";13311;13531;13583;13639;13772;13749;13780;13643;13810;13936;13921;13924;13857;13899;14195;14243;14265;14243;14224;14128;14084;14031;14057;13992;13901;13890;13964;14083;14197;14257;14508;14626;14731;14019;14960
"Wierden";21994;22177;22319;22387;22524;22787;22856;22883;22760;22760;22922;23173;23368;23420;23434;23449;23348;23498;23545;23444;23370;23467;23447;23630;23824;23807;23909;23874;23952;24225;24258;24351;24446;23774;24643
"Wijchen";32818;33606;34206;34513;34906;35328;35601;36006;36571;36779;37437;37516;38112;38428;38830;39564;39878;39912;39509;39479;39660;39948;40148;40507;40734;41004;41043;40886;40814;40876;40847;40951;41110;40846;41344
"Wijdemeren";22567;22646;22706;22863;23057;23171;23422;23393;23573;23510;23338;23207;23187;23053;23327;23233;23329;23294;23431;23567;23428;23323;23387;23308;23297;23221;23187;23176;23275;23447;23659;24013;24358;22753;24494
"Wijk bij Duurstede";19450;19869;20470;20952;21218;21428;21746;21902;21942;22452;22876;23094;23079;23155;23209;23330;23511;23580;23464;23366;23306;23252;23157;23115;23064;23035;23043;23222;23384;23502;23678;23762;23914;23184;23921
"Winterswijk";28011;28024;27919;27954;27972;27969;28073;28077;28192;28500;28516;28481;28561;28672;28750;28975;29299;29275;29137;29249;29182;29028;29051;29026;28946;28967;28881;28977;28939;28912;28987;28903;28854;28932;29185
"Woensdrecht";20228;20300;20381;20537;20460;20364;20460;20574;20576;20668;20870;20879;20995;21456;21548;21557;21415;21217;21141;21497;21637;21700;21635;21682;21675;21648;21621;21644;21682;21837;21800;21866;21876;21509;22112
"Woerden";41392;41912;42441;42780;43094;43334;43758;44277;44683;45113;45672;45647;46084;46921;47549;47762;48096;48118;47912;48016;48383;48885;49334;49748;50052;50346;50577;50631;51161;51513;51758;52197;52299;50604;52882
"Wormerland";13661;13651;13807;13870;14011;14206;14300;14413;14484;14604;14785;14935;15202;15383;15467;15510;15765;15836;15796;15856;15901;15900;15862;15801;15781;15740;15777;15740;15664;15820;15995;16329;16270;15462;16381
"Woudenberg";9694;9855;9931;10035;10110;10233;10381;10463;10616;10826;10872;10832;10914;11025;11019;11151;11228;11237;11211;11403;11592;11744;11905;12008;12034;12321;12422;12487;12550;12701;13021;13166;13362;12475;13873
"Zaanstad";128839;129659;130013;130707;131275;131785;132508;133504;133817;134397;134627;135126;135762;136115;137669;139464;139774;139817;140270;141402;142863;144055;145332;146940;148281;149622;150598;151418;152466;153679;154865;155885;156794;150549;157166
"Zaltbommel";21983;22154;22288;22647;22912;23350;23685;24020;24355;24714;24934;25312;25545;25660;25759;25999;26191;26145;26191;26194;26185;26218;26428;26643;26774;26953;27182;27358;27543;27728;28014;28451;28881;27253;29957
"Zandvoort";15575;15428;15479;15649;15660;15689;15653;15655;15466;15465;15546;15568;15877;16297;16809;16864;16866;16709;16651;16599;16665;16607;16632;16632;16651;16593;16575;16692;16792;16899;16970;17011;17116;16672;17107
"Zeewolde";4552;5930;6962;8142;9643;10764;11989;12923;13303;14132;15296;16503;17258;18379;19249;19398;19180;19120;19421;19704;20286;20773;20906;21106;21288;21262;21499;21894;22113;22457;22407;22309;22653;21769;23348
"Zeist";59727;59431;59469;59357;59211;59096;59258;59004;59188;59460;59216;59820;60020;59844;59682;59799;60373;60408;60369;60326;60488;60383;60286;60824;61233;61420;61250;61641;62258;62830;63322;63934;64905;61170;65987
"Zevenaar";41259;41566;41676;41698;41742;41703;41867;42171;42487;42647;42499;42346;42165;42207;42341;42247;42411;42603;42743;42883;42824;42803;42987;43244;43437;43373;43200;43177;43135;43231;43402;43488;43750;43105;44645
"Zoetermeer";88217;92517;96266;99081;100612;102937;103420;105009;106581;107597;108199;108899;109941;110129;110500;112594;114216;115792;116979;118024;119504;120881;121532;121911;122331;123092;123561;124025;124107;124763;124695;124944;125285;121563;125767
"Zoeterwoude";8248;8337;8422;8423;8485;8500;8544;8507;8542;8602;8616;8601;8679;8683;8659;8593;8526;8509;8501;8400;8303;8193;8118;8130;8171;8122;8075;8114;8119;8367;8430;8450;8605;7540;9302
"Zuidplas";34546;34880;35098;35307;35510;35491;35601;36260;36814;37337;37715;38342;38778;39563;40307;40609;40652;40567;40560;40423;40210;40191;40410;40521;40673;40779;40892;40771;40937;41468;41882;42762;43885;38476;45794
"Zundert";18701;18778;18885;19038;19146;19251;19456;19837;19896;19946;20014;20075;20155;20272;20341;20386;20431;20554;20797;20849;20947;21083;21025;21163;21221;21241;21399;21363;21488;21657;21525;21612;21829;21368;22260
"Zutphen";40036;39914;39937;40058;40159;40309;40469;41006;41832;42529;43134;43522;44152;44880;45355;46015;45829;46192;46642;46635;46762;46953;46870;47084;47144;47240;47164;46849;46997;47340;47537;47609;47934;46474;48330
"Zwartewaterland";18729;18866;19031;19351;19488;19619;19826;20188;20287;20383;20721;20876;21450;22097;22178;22206;22034;21877;21872;21919;21930;21944;21935;22018;22048;22139;22167;22166;22278;22309;22468;22503;22685;22119;23012
"Zwijndrecht";44407;44677;45179;45357;45797;46045;46020;45949;45746;45598;45540;45137;45024;44948;45066;45071;45384;45209;44588;44400;44472;44312;44404;44445;44499;44610;44547;44501;44454;44417;44586;44639;44737;41884;44789
"Zwolle";90927;92876;94490;95932;97491;98679;99502;100524;101204;102269;102990;104800;106173;107373;109000;109955;110880;111900;113078;114635;116365;117703;119030;120355;121527;122562;123159;123861;124896;125548;126116;127497;128840;122822;130668
